,row,baseMean,log2FoldChange,lfcSE,stat,pvalue,padj,
1,11-Mar,0.312282092,27.78839957,3.278015181,8.477202832,2.31E-17,4.41E-13,11-Mar
2,MSMB,1.426543932,-24.11481539,3.272056886,-7.369925474,1.71E-13,1.63E-09,MSMB
3,SI,0.146976907,16.498546,3.28734613,5.018804029,5.20E-07,0.003312201,SI
4,RMDN2,41.52425461,-0.877508503,0.192918289,-4.548601938,5.40E-06,0.025801514,RMDN2
5,CD177,148.7850708,-3.09384321,0.706622377,-4.378354426,1.20E-05,0.041353101,CD177
6,LTF,711.5952419,-2.095885797,0.480664649,-4.360390973,1.30E-05,0.041353101,LTF