"","row","baseMean","log2FoldChange","lfcSE","stat","pvalue","padj"
"1","ENSG00000005379",173.507102972753,-0.817407910591308,0.179563031051062,-4.55220601816899,5.30863122855445e-06,0.0422700268514125
"2","ENSG00000276043",208.925178286168,-0.507641272377628,0.112498483504193,-4.51242769293602,6.40897870276036e-06,0.0422700268514125
"3","ENSG00000160305",936.767254999908,-0.502222904369912,0.113376426471487,-4.42969424950268,9.43667811833886e-06,0.0422700268514125
