"","row","baseMean","log2FoldChange","lfcSE","stat","pvalue","padj"
"1","ENSG00000162399",9.809839566674,-3.229579645242,0.649388872089795,-4.97325991258351,6.58362967091077e-07,0.0088832915149599
