"","row","baseMean","log2FoldChange","lfcSE","stat","pvalue","padj"
"1","ENSG00000012223",588.777284845884,2.10271062087177,0.442260990049321,4.75445645937995,1.98981017043526e-06,0.0133227739961493
"2","ENSG00000164821",50.229516088308,2.54996011779497,0.555574367122195,4.58977279856059,4.43728732434492e-06,0.0148549286400757
"3","ENSG00000148346",152.824334087506,2.09708592813112,0.418403017462737,5.01211951301926,5.38337495171202e-07,0.00720887739783756
"4","ENSG00000122952",10.931681635287,1.47281079063345,0.353459051796149,4.16684983210691,3.08837795518294e-05,0.0459516324420609
"5","ENSG00000118113",104.411294778239,2.4641419227488,0.561200794964611,4.39083826120415,1.12914509522093e-05,0.030240763940207
"6","ENSG00000100448",20.2762401071647,2.66915904722723,0.614372110043267,4.34453160160421,1.39573151026606e-05,0.0311504010899547
"7","ENSG00000005381",115.053477636373,1.50614320691873,0.353862062998508,4.2563003057072,2.07837501604768e-05,0.0397593140569921
"8","ENSG00000172232",65.2489112071576,1.77116505626317,0.424414971162041,4.17319175007835,3.00361944806439e-05,0.0459516324420609
"9","ENSG00000197561",93.1161068615264,2.30119924172096,0.500251247632996,4.60008696152062,4.22314602989484e-06,0.0148549286400757
