"","row","baseMean","log2FoldChange","lfcSE","stat","pvalue","padj"
"1","ENSG00000159189",11.0433469241981,3.12300668221673,0.617959977833582,5.05373615483196,4.33250024271445e-07,0.00372390425165202
"2","ENSG00000249992",172.022014941812,2.59857332519789,0.519106521987056,5.00585759402708,5.56138627785547e-07,0.00372390425165202
