"","row","baseMean","log2FoldChange","lfcSE","stat","pvalue","padj"
"1","ENSG00000106565",299.912742004683,3.72289430998787,0.571937325542903,6.50926971142156,7.55170279783022e-11,1.00558474455907e-06
"2","ENSG00000066382",8.43566971735128,15.1909862076906,2.62553108770217,5.78587177232225,7.21372274900502e-09,4.80289660628754e-05
