"","row","baseMean","log2FoldChange","lfcSE","stat","pvalue","padj"
"1","ENSG00000146670",6.75913354433766,-16.7843875846497,3.06361192447129,-5.47862718857455,4.28638420184582e-08,0.000564431071699058
"2","ENSG00000275895",37.8055928529415,9.76581519155756,1.89533676773505,5.15254880177722,2.56969715289154e-07,0.00169188860546379
