"","row","baseMean","log2FoldChange","lfcSE","stat","pvalue","padj"
"1","ENSG00000176641",9.25536831514001,-3.41101035384453,0.759075691164839,-4.4936366604102,7.0017052596035e-06,0.0312229376543252
"2","ENSG00000213999",27.7108138004847,-1.73890400382649,0.347257408609923,-5.00753608335487,5.51312185581762e-07,0.00737545441871282
"3","ENSG00000124215",42.6075769317614,-1.21989077483009,0.271128366418846,-4.49931075432206,6.81741390155001e-06,0.0312229376543252
