"","row","baseMean","log2FoldChange","lfcSE","stat","pvalue","padj"
"1","ENSG00000182752",9.40227660482561,4.19139465582896,0.795198385831473,5.27087923027706,1.35771787852043e-07,0.00181825578291456
